-- phpMyAdmin SQL Dump
-- version 5.0.2
-- https://www.phpmyadmin.net/
--
-- Host: 127.0.0.1
-- Generation Time: Jun 01, 2020 at 03:13 PM
-- Server version: 10.4.11-MariaDB
-- PHP Version: 7.4.6

SET SQL_MODE = "NO_AUTO_VALUE_ON_ZERO";
START TRANSACTION;
SET time_zone = "+00:00";


/*!40101 SET @OLD_CHARACTER_SET_CLIENT=@@CHARACTER_SET_CLIENT */;
/*!40101 SET @OLD_CHARACTER_SET_RESULTS=@@CHARACTER_SET_RESULTS */;
/*!40101 SET @OLD_COLLATION_CONNECTION=@@COLLATION_CONNECTION */;
/*!40101 SET NAMES utf8mb4 */;

--
-- Database: `appjudigot_inventory`
--
CREATE DATABASE IF NOT EXISTS `appjudigot_inventory` DEFAULT CHARACTER SET utf8 COLLATE utf8_general_ci;
USE `appjudigot_inventory`;

-- --------------------------------------------------------

--
-- Table structure for table `app_customer`
--

CREATE TABLE `app_customer` (
  `customer_id` int(10) NOT NULL,
  `first_name` varchar(255) DEFAULT NULL,
  `last_name` varchar(255) DEFAULT NULL,
  `client_address` varchar(255) DEFAULT NULL,
  `date_added` date DEFAULT NULL,
  `status` enum('active','inactive') NOT NULL DEFAULT 'active',
  `jumbo_price` float DEFAULT 0,
  `jumbo_c_price` float DEFAULT 0,
  `xl_price` float DEFAULT 0,
  `xl_c_price` float DEFAULT 0,
  `l_price` float DEFAULT 0,
  `l_c_price` float DEFAULT 0,
  `m_price` float DEFAULT 0,
  `m_c_price` float DEFAULT 0,
  `s_price` float DEFAULT 0,
  `s_c_price` float DEFAULT 0,
  `p_price` float DEFAULT 0,
  `p_c_price` float DEFAULT 0,
  `pwe_price` float DEFAULT 0,
  `pwe_c_price` float DEFAULT 0,
  `d2_price` float DEFAULT 0,
  `d2_c_price` float DEFAULT 0,
  `marble_price` float DEFAULT 0,
  `marble_c_price` float DEFAULT 0,
  `d1b_price` float DEFAULT 0,
  `d1b_c_price` float DEFAULT 0,
  `d1s_price` float DEFAULT 0,
  `d1s_c_price` float DEFAULT 0,
  `b1_price` float DEFAULT 0,
  `b1_c_price` float DEFAULT 0,
  `b2_price` float DEFAULT 0,
  `b2_c_price` float DEFAULT 0,
  `b3_price` float DEFAULT 0,
  `b3_c_price` float DEFAULT 0,
  `es_price` float NOT NULL DEFAULT 0
) ENGINE=InnoDB DEFAULT CHARSET=utf8;

--
-- Dumping data for table `app_customer`
--

INSERT INTO `app_customer` (`customer_id`, `first_name`, `last_name`, `client_address`, `date_added`, `status`, `jumbo_price`, `jumbo_c_price`, `xl_price`, `xl_c_price`, `l_price`, `l_c_price`, `m_price`, `m_c_price`, `s_price`, `s_c_price`, `p_price`, `p_c_price`, `pwe_price`, `pwe_c_price`, `d2_price`, `d2_c_price`, `marble_price`, `marble_c_price`, `d1b_price`, `d1b_c_price`, `d1s_price`, `d1s_c_price`, `b1_price`, `b1_c_price`, `b2_price`, `b2_c_price`, `b3_price`, `b3_c_price`, `es_price`) VALUES
(1, 'Jude Francis', 'Igot', 'Lapu-Lapu City', '2019-05-14', 'active', 500, 600, 0, 0, 0, 0, 0, 0, 0, 0, 0, 0, 0, 0, 0, 0, 0, 0, 0, 0, 0, 0, 0, 0, 0, 0, 0, 0, 0),
(2, 'Sean Jurie', 'Edaño', 'Cebu City', '2019-05-20', 'active', 0, 0, 0, 0, 0, 0, 0, 0, 0, 0, 0, 0, 0, 0, 0, 0, 0, 0, 0, 0, 0, 0, 0, 0, 0, 0, 0, 0, 60),
(3, 'Jefferson', 'Dela Peña', 'Cebu City', '2019-06-07', 'active', 0, 0, 0, 0, 0, 0, 0, 0, 0, 0, 0, 0, 0, 0, 0, 0, 0, 0, 0, 0, 0, 0, 0, 0, 0, 0, 0, 0, 0),
(4, 'John', 'Doe', 'Doeland', '2019-06-07', 'active', 0, 0, 0, 0, 0, 0, 0, 0, 0, 0, 0, 0, 0, 0, 0, 0, 0, 0, 0, 0, 0, 0, 0, 0, 0, 0, 0, 0, 0),
(5, 'Jane', 'Doe', 'Doeland', '2019-06-07', 'active', 0, 0, 0, 0, 0, 0, 0, 0, 0, 0, 0, 0, 0, 0, 0, 0, 0, 0, 0, 0, 0, 0, 0, 0, 0, 0, 0, 0, 0);

-- --------------------------------------------------------

--
-- Table structure for table `app_custom_price`
--

CREATE TABLE `app_custom_price` (
  `custom_price_id` int(11) NOT NULL,
  `customer_id` int(11) NOT NULL,
  `product_id` int(11) NOT NULL,
  `custom_price` float DEFAULT NULL
) ENGINE=InnoDB DEFAULT CHARSET=utf8;

-- --------------------------------------------------------

--
-- Table structure for table `app_order`
--

CREATE TABLE `app_order` (
  `order_id` int(11) NOT NULL,
  `customer_id` int(11) NOT NULL,
  `order_date` datetime NOT NULL
) ENGINE=InnoDB DEFAULT CHARSET=utf8;

--
-- Dumping data for table `app_order`
--

INSERT INTO `app_order` (`order_id`, `customer_id`, `order_date`) VALUES
(1, 1, '2018-01-02 00:00:00'),
(2, 5, '2018-01-02 00:00:00'),
(3, 5, '2018-01-07 00:00:00'),
(4, 5, '2018-01-08 00:00:00'),
(5, 1, '2018-01-09 00:00:00'),
(6, 3, '2018-01-09 00:00:00'),
(7, 2, '2018-01-10 00:00:00'),
(8, 4, '2018-01-14 00:00:00'),
(9, 5, '2018-01-15 00:00:00'),
(10, 1, '2018-01-18 00:00:00'),
(11, 1, '2018-01-19 00:00:00'),
(12, 1, '2018-01-21 00:00:00'),
(13, 5, '2018-01-22 00:00:00'),
(14, 2, '2018-01-25 00:00:00'),
(15, 4, '2018-01-26 00:00:00'),
(16, 5, '2018-01-29 00:00:00'),
(17, 4, '2018-02-04 00:00:00'),
(18, 5, '2018-02-05 00:00:00'),
(19, 1, '2018-02-06 00:00:00'),
(20, 2, '2018-02-09 00:00:00'),
(21, 5, '2018-02-13 00:00:00'),
(22, 4, '2018-02-16 00:00:00'),
(23, 3, '2018-02-17 00:00:00'),
(24, 2, '2018-02-18 00:00:00'),
(25, 3, '2018-02-18 00:00:00'),
(26, 1, '2018-02-20 00:00:00'),
(27, 1, '2018-02-23 00:00:00'),
(28, 5, '2018-02-23 00:00:00'),
(29, 2, '2018-02-24 00:00:00'),
(30, 5, '2018-02-24 00:00:00'),
(31, 4, '2018-02-25 00:00:00'),
(32, 2, '2018-02-26 00:00:00'),
(33, 4, '2018-02-26 00:00:00'),
(34, 4, '2018-03-01 00:00:00'),
(35, 5, '2018-03-01 00:00:00'),
(36, 2, '2018-03-06 00:00:00'),
(37, 2, '2018-03-06 00:00:00'),
(38, 2, '2018-03-11 00:00:00'),
(39, 1, '2018-03-14 00:00:00'),
(40, 5, '2018-03-17 00:00:00'),
(41, 3, '2018-03-18 00:00:00'),
(42, 5, '2018-03-20 00:00:00'),
(43, 1, '2018-03-22 00:00:00'),
(44, 4, '2018-03-25 00:00:00'),
(45, 1, '2018-03-27 00:00:00'),
(46, 2, '2018-03-30 00:00:00'),
(47, 1, '2018-03-31 00:00:00'),
(48, 1, '2018-04-02 00:00:00'),
(49, 4, '2018-04-05 00:00:00'),
(50, 2, '2018-04-06 00:00:00'),
(51, 3, '2018-04-10 00:00:00'),
(52, 2, '2018-04-11 00:00:00'),
(53, 2, '2018-04-11 00:00:00'),
(54, 2, '2018-04-11 00:00:00'),
(55, 5, '2018-04-14 00:00:00'),
(56, 2, '2018-04-14 00:00:00'),
(57, 2, '2018-04-15 00:00:00'),
(58, 1, '2018-04-16 00:00:00'),
(59, 4, '2018-04-17 00:00:00'),
(60, 2, '2018-04-23 00:00:00'),
(61, 2, '2018-04-24 00:00:00'),
(62, 1, '2018-04-26 00:00:00'),
(63, 5, '2018-04-26 00:00:00'),
(64, 4, '2018-04-28 00:00:00'),
(65, 3, '2018-04-30 00:00:00'),
(66, 3, '2018-05-06 00:00:00'),
(67, 1, '2018-05-10 00:00:00'),
(68, 4, '2018-05-11 00:00:00'),
(69, 4, '2018-05-11 00:00:00'),
(70, 2, '2018-05-13 00:00:00'),
(71, 2, '2018-05-13 00:00:00'),
(72, 4, '2018-05-18 00:00:00'),
(73, 2, '2018-05-19 00:00:00'),
(74, 1, '2018-05-23 00:00:00'),
(75, 4, '2018-05-25 00:00:00'),
(76, 4, '2018-05-25 00:00:00'),
(77, 4, '2018-05-29 00:00:00'),
(78, 2, '2018-06-02 00:00:00'),
(79, 1, '2018-06-02 00:00:00'),
(80, 5, '2018-06-08 00:00:00'),
(81, 4, '2018-06-09 00:00:00'),
(82, 3, '2018-06-13 00:00:00'),
(83, 2, '2018-06-13 00:00:00'),
(84, 2, '2018-06-16 00:00:00'),
(85, 2, '2018-06-16 00:00:00'),
(86, 4, '2018-06-22 00:00:00'),
(87, 1, '2018-06-22 00:00:00'),
(88, 1, '2018-06-23 00:00:00'),
(89, 4, '2018-06-24 00:00:00'),
(90, 2, '2018-06-27 00:00:00'),
(91, 1, '2018-06-30 00:00:00'),
(92, 3, '2018-06-30 00:00:00'),
(93, 3, '2018-07-01 00:00:00'),
(94, 5, '2018-07-02 00:00:00'),
(95, 2, '2018-07-05 00:00:00'),
(96, 4, '2018-07-11 00:00:00'),
(97, 2, '2018-07-12 00:00:00'),
(98, 1, '2018-07-12 00:00:00'),
(99, 5, '2018-07-13 00:00:00'),
(100, 4, '2018-07-13 00:00:00'),
(101, 5, '2018-07-14 00:00:00'),
(102, 2, '2018-07-15 00:00:00'),
(103, 3, '2018-07-17 00:00:00'),
(104, 1, '2018-07-17 00:00:00'),
(105, 1, '2018-07-18 00:00:00'),
(106, 1, '2018-07-18 00:00:00'),
(107, 4, '2018-07-19 00:00:00'),
(108, 1, '2018-07-21 00:00:00'),
(109, 3, '2018-07-22 00:00:00'),
(110, 3, '2018-07-23 00:00:00'),
(111, 1, '2018-07-24 00:00:00'),
(112, 1, '2018-07-26 00:00:00'),
(113, 3, '2018-07-28 00:00:00'),
(114, 3, '2018-07-29 00:00:00'),
(115, 4, '2018-07-30 00:00:00'),
(116, 3, '2018-08-01 00:00:00'),
(117, 3, '2018-08-02 00:00:00'),
(118, 5, '2018-08-03 00:00:00'),
(119, 3, '2018-08-04 00:00:00'),
(120, 5, '2018-08-06 00:00:00'),
(121, 4, '2018-08-08 00:00:00'),
(122, 1, '2018-08-11 00:00:00'),
(123, 1, '2018-08-11 00:00:00'),
(124, 5, '2018-08-15 00:00:00'),
(125, 4, '2018-08-16 00:00:00'),
(126, 1, '2018-08-17 00:00:00'),
(127, 1, '2018-08-18 00:00:00'),
(128, 3, '2018-08-19 00:00:00'),
(129, 1, '2018-08-23 00:00:00'),
(130, 2, '2018-08-26 00:00:00'),
(131, 1, '2018-08-26 00:00:00'),
(132, 3, '2018-08-28 00:00:00'),
(133, 5, '2018-08-28 00:00:00'),
(134, 2, '2018-08-30 00:00:00'),
(135, 3, '2018-09-02 00:00:00'),
(136, 1, '2018-09-03 00:00:00'),
(137, 5, '2018-09-03 00:00:00'),
(138, 2, '2018-09-06 00:00:00'),
(139, 5, '2018-09-06 00:00:00'),
(140, 3, '2018-09-07 00:00:00'),
(141, 5, '2018-09-08 00:00:00'),
(142, 3, '2018-09-08 00:00:00'),
(143, 2, '2018-09-09 00:00:00'),
(144, 5, '2018-09-11 00:00:00'),
(145, 2, '2018-09-11 00:00:00'),
(146, 3, '2018-09-13 00:00:00'),
(147, 2, '2018-09-15 00:00:00'),
(148, 1, '2018-09-15 00:00:00'),
(149, 2, '2018-09-18 00:00:00'),
(150, 2, '2018-09-22 00:00:00'),
(151, 2, '2018-09-24 00:00:00'),
(152, 2, '2018-09-24 00:00:00'),
(153, 3, '2018-09-25 00:00:00'),
(154, 1, '2018-09-27 00:00:00'),
(155, 3, '2018-09-30 00:00:00'),
(156, 5, '2018-10-01 00:00:00'),
(157, 4, '2018-10-01 00:00:00'),
(158, 2, '2018-10-02 00:00:00'),
(159, 3, '2018-10-08 00:00:00'),
(160, 4, '2018-10-10 00:00:00'),
(161, 3, '2018-10-12 00:00:00'),
(162, 2, '2018-10-13 00:00:00'),
(163, 1, '2018-10-19 00:00:00'),
(164, 5, '2018-10-21 00:00:00'),
(165, 2, '2018-10-24 00:00:00'),
(166, 4, '2018-10-25 00:00:00'),
(167, 4, '2018-10-26 00:00:00'),
(168, 1, '2018-10-26 00:00:00'),
(169, 5, '2018-10-29 00:00:00'),
(170, 1, '2018-10-30 00:00:00'),
(171, 3, '2018-10-31 00:00:00'),
(172, 4, '2018-11-02 00:00:00'),
(173, 4, '2018-11-04 00:00:00'),
(174, 4, '2018-11-04 00:00:00'),
(175, 2, '2018-11-07 00:00:00'),
(176, 1, '2018-11-08 00:00:00'),
(177, 4, '2018-11-10 00:00:00'),
(178, 3, '2018-11-11 00:00:00'),
(179, 1, '2018-11-12 00:00:00'),
(180, 2, '2018-11-19 00:00:00'),
(181, 3, '2018-11-22 00:00:00'),
(182, 5, '2018-11-27 00:00:00'),
(183, 1, '2018-11-27 00:00:00'),
(184, 3, '2018-12-01 00:00:00'),
(185, 1, '2018-12-06 00:00:00'),
(186, 3, '2018-12-07 00:00:00'),
(187, 1, '2018-12-08 00:00:00'),
(188, 2, '2018-12-11 00:00:00'),
(189, 3, '2018-12-11 00:00:00'),
(190, 4, '2018-12-14 00:00:00'),
(191, 2, '2018-12-15 00:00:00'),
(192, 1, '2018-12-18 00:00:00'),
(193, 2, '2018-12-21 00:00:00'),
(194, 2, '2018-12-24 00:00:00'),
(195, 3, '2018-12-24 00:00:00'),
(196, 5, '2018-12-25 00:00:00'),
(197, 4, '2018-12-28 00:00:00'),
(198, 1, '2018-12-29 00:00:00'),
(199, 3, '2018-12-29 00:00:00'),
(200, 1, '2019-01-01 00:00:00');

-- --------------------------------------------------------

--
-- Table structure for table `app_order_product`
--

CREATE TABLE `app_order_product` (
  `id` int(11) NOT NULL,
  `order_id` int(11) NOT NULL,
  `product_id` int(11) NOT NULL,
  `quantity` int(11) NOT NULL,
  `product_cost` float NOT NULL,
  `product_price` float NOT NULL,
  `discount` float DEFAULT 0
) ENGINE=InnoDB DEFAULT CHARSET=utf8 COMMENT='test';

--
-- Dumping data for table `app_order_product`
--

INSERT INTO `app_order_product` (`id`, `order_id`, `product_id`, `quantity`, `product_cost`, `product_price`, `discount`) VALUES
(1, 1, 35, 5, 20, 30, 0),
(2, 1, 5, 5, 18, 20, 0),
(3, 2, 22, 1, 15, 20, 0),
(4, 3, 6, 2, 19, 29.99, 0),
(5, 3, 3, 1, 40, 49.99, 0),
(6, 4, 2, 25, 60, 79.99, 0),
(7, 4, 6, 15, 19, 29.99, 0),
(8, 5, 14, 3, 20, 35, 0),
(9, 6, 4, 3, 65, 89.99, 0),
(10, 6, 21, 4, 60, 75, 0),
(11, 6, 12, 1, 5, 10, 0),
(12, 6, 13, 6, 50, 75, 0),
(13, 7, 20, 6, 40, 50, 0),
(14, 8, 9, 1, 5, 10, 0),
(15, 8, 21, 1, 60, 75, 0),
(16, 9, 11, 3, 30, 45, 0),
(17, 9, 22, 7, 15, 20, 0),
(18, 10, 28, 5, 30, 35, 0),
(19, 10, 24, 6, 60, 65, 0),
(20, 10, 10, 5, 15, 20, 0),
(21, 10, 5, 2, 18, 20, 0),
(22, 11, 22, 4, 15, 20, 0),
(23, 12, 16, 1, 55, 60, 0),
(24, 12, 28, 5, 30, 35, 0),
(25, 12, 22, 1, 15, 20, 0),
(26, 12, 14, 3, 20, 35, 0),
(27, 13, 19, 4, 35, 40, 0),
(28, 13, 18, 3, 25, 40, 0),
(29, 14, 25, 5, 15, 25, 0),
(30, 14, 11, 5, 30, 45, 0),
(31, 15, 18, 4, 25, 40, 0),
(32, 15, 22, 1, 15, 20, 0),
(33, 15, 12, 4, 5, 10, 0),
(34, 16, 35, 1, 20, 30, 0),
(35, 17, 29, 4, 45, 55, 0),
(36, 17, 8, 3, 5, 10, 0),
(37, 18, 7, 4, 40, 46.5, 0),
(38, 18, 16, 2, 55, 60, 0),
(39, 18, 24, 4, 60, 65, 0),
(40, 19, 26, 5, 60, 65, 0),
(41, 19, 29, 6, 45, 55, 0),
(42, 20, 4, 2, 65, 89.99, 0),
(43, 20, 17, 5, 65, 75, 0),
(44, 21, 2, 4, 60, 79.99, 0),
(45, 22, 27, 6, 30, 35, 0),
(46, 22, 4, 4, 65, 89.99, 0),
(47, 22, 22, 5, 15, 20, 0),
(48, 23, 23, 3, 20, 29.99, 0),
(49, 23, 13, 5, 50, 75, 0),
(50, 23, 16, 3, 55, 60, 0),
(51, 23, 26, 7, 60, 65, 0),
(52, 24, 4, 3, 65, 89.99, 0),
(53, 24, 22, 3, 15, 20, 0),
(54, 25, 3, 4, 40, 49.99, 0),
(55, 25, 29, 5, 45, 55, 0),
(56, 26, 27, 7, 30, 35, 0),
(57, 27, 22, 5, 15, 20, 0),
(58, 28, 34, 6, 90, 110, 0),
(59, 28, 28, 5, 30, 35, 0),
(60, 29, 16, 4, 55, 60, 0),
(61, 30, 10, 4, 15, 20, 0),
(62, 31, 16, 3, 55, 60, 0),
(63, 31, 1, 1, 100, 119.99, 0),
(64, 31, 13, 5, 50, 75, 0),
(65, 32, 20, 5, 40, 50, 0),
(66, 32, 31, 3, 50, 69.99, 0),
(67, 32, 27, 5, 30, 35, 0),
(68, 33, 3, 4, 40, 49.99, 0),
(69, 33, 16, 2, 55, 60, 0),
(70, 33, 6, 2, 19, 29.99, 0),
(71, 33, 22, 6, 15, 20, 0),
(72, 34, 16, 3, 55, 60, 0),
(73, 34, 22, 5, 15, 20, 0),
(74, 34, 29, 5, 45, 55, 0),
(75, 35, 29, 4, 45, 55, 0),
(76, 35, 2, 4, 60, 79.99, 0),
(77, 35, 16, 3, 55, 60, 0),
(78, 36, 31, 3, 50, 69.99, 0),
(79, 36, 17, 4, 65, 75, 0),
(80, 36, 3, 3, 40, 49.99, 0),
(81, 36, 21, 5, 60, 75, 0),
(82, 37, 29, 5, 45, 55, 0),
(83, 37, 22, 3, 15, 20, 0),
(84, 37, 2, 5, 60, 79.99, 0),
(85, 37, 11, 6, 30, 45, 0),
(86, 38, 1, 13, 100, 119.99, 0),
(87, 38, 13, 6, 50, 75, 0),
(88, 38, 5, 2, 18, 20, 0),
(89, 39, 2, 5, 60, 79.99, 0),
(90, 39, 4, 4, 65, 89.99, 0),
(91, 40, 6, 3, 19, 29.99, 0),
(92, 40, 16, 5, 55, 60, 0),
(93, 40, 4, 5, 65, 89.99, 0),
(94, 40, 28, 3, 30, 35, 0),
(95, 40, 22, 4, 15, 20, 0),
(96, 41, 13, 4, 50, 75, 0),
(97, 41, 16, 4, 55, 60, 0),
(98, 42, 28, 3, 30, 35, 0),
(99, 42, 2, 1, 60, 79.99, 0),
(100, 43, 16, 1, 55, 60, 0),
(101, 44, 22, 4, 15, 20, 0),
(102, 44, 16, 1, 55, 60, 0),
(103, 45, 2, 4, 60, 79.99, 0),
(104, 46, 18, 3, 25, 40, 0),
(105, 46, 2, 2, 60, 79.99, 0),
(106, 46, 16, 3, 55, 60, 0),
(107, 47, 22, 2, 15, 20, 0),
(108, 47, 21, 3, 60, 75, 0),
(109, 48, 22, 3, 15, 20, 0),
(110, 48, 10, 5, 15, 20, 0),
(111, 48, 11, 3, 30, 45, 0),
(112, 48, 2, 3, 60, 79.99, 0),
(113, 49, 22, 4, 15, 20, 0),
(114, 50, 2, 1, 60, 79.99, 0),
(115, 50, 6, 4, 19, 29.99, 0),
(116, 50, 8, 2, 5, 10, 0),
(117, 51, 16, 4, 55, 60, 0),
(118, 51, 2, 1, 60, 79.99, 0),
(119, 51, 7, 2, 40, 46.5, 0),
(120, 51, 5, 3, 18, 20, 0),
(121, 52, 15, 7, 15, 25, 0),
(122, 52, 8, 4, 5, 10, 0),
(123, 52, 11, 6, 30, 45, 0),
(124, 53, 7, 7, 40, 46.5, 0),
(125, 53, 15, 4, 15, 25, 0),
(126, 53, 21, 8, 60, 75, 0),
(127, 54, 1, 4, 100, 119.99, 0),
(128, 54, 20, 5, 40, 50, 0),
(129, 54, 17, 3, 65, 75, 0),
(130, 55, 5, 4, 18, 20, 0),
(131, 55, 10, 7, 15, 20, 0),
(132, 55, 22, 2, 15, 20, 0),
(133, 56, 19, 6, 35, 40, 0),
(134, 56, 18, 3, 25, 40, 0),
(135, 56, 28, 5, 30, 35, 0),
(136, 57, 16, 3, 55, 60, 0),
(137, 57, 32, 3, 120, 130, 0),
(138, 57, 20, 6, 40, 50, 0),
(139, 58, 6, 3, 19, 29.99, 0),
(140, 58, 26, 8, 60, 65, 0),
(141, 58, 10, 4, 15, 20, 0),
(142, 59, 1, 6, 100, 119.99, 0),
(143, 59, 21, 2, 60, 75, 0),
(144, 59, 29, 4, 45, 55, 0),
(145, 60, 11, 3, 30, 45, 0),
(146, 60, 12, 4, 5, 10, 0),
(147, 60, 7, 8, 40, 46.5, 0),
(148, 61, 4, 6, 65, 89.99, 0),
(149, 61, 9, 5, 5, 10, 0),
(150, 61, 25, 4, 15, 25, 0),
(151, 62, 16, 5, 55, 60, 0),
(152, 62, 2, 5, 60, 79.99, 0),
(153, 62, 29, 2, 45, 55, 0),
(154, 63, 16, 3, 55, 60, 0),
(155, 63, 22, 3, 15, 20, 0),
(156, 63, 1, 2, 100, 119.99, 0),
(157, 64, 11, 4, 30, 45, 0),
(158, 64, 2, 5, 60, 79.99, 0),
(159, 64, 4, 7, 65, 89.99, 0),
(160, 65, 3, 4, 40, 49.99, 0),
(161, 65, 14, 3, 20, 35, 0),
(162, 65, 8, 5, 5, 10, 0),
(163, 66, 22, 5, 15, 20, 0),
(164, 66, 7, 3, 40, 46.5, 0),
(165, 66, 2, 4, 60, 79.99, 0),
(166, 67, 4, 5, 65, 89.99, 0),
(167, 67, 6, 3, 19, 29.99, 0),
(168, 67, 9, 6, 5, 10, 0),
(169, 68, 16, 3, 55, 60, 0),
(170, 68, 4, 6, 65, 89.99, 0),
(171, 68, 10, 3, 15, 20, 0),
(172, 69, 34, 3, 90, 110, 0),
(173, 69, 12, 3, 5, 10, 0),
(174, 69, 15, 8, 15, 25, 0),
(175, 70, 1, 5, 100, 119.99, 0),
(176, 70, 14, 4, 20, 35, 0),
(177, 70, 10, 6, 15, 20, 0),
(178, 71, 4, 3, 65, 89.99, 0),
(179, 71, 13, 4, 50, 75, 0),
(180, 71, 22, 3, 15, 20, 0),
(181, 72, 16, 6, 55, 60, 0),
(182, 72, 6, 5, 19, 29.99, 0),
(183, 72, 2, 4, 60, 79.99, 0),
(184, 73, 5, 3, 18, 20, 0),
(185, 73, 20, 6, 40, 50, 0),
(186, 73, 27, 5, 30, 35, 0),
(187, 74, 2, 5, 60, 79.99, 0),
(188, 74, 11, 3, 30, 45, 0),
(189, 74, 8, 4, 5, 10, 0),
(190, 75, 1, 3, 100, 119.99, 0),
(191, 75, 5, 6, 18, 20, 0),
(192, 75, 26, 5, 60, 65, 0),
(193, 76, 5, 7, 18, 20, 0),
(194, 76, 12, 5, 5, 10, 0),
(195, 76, 21, 3, 60, 75, 0),
(196, 77, 4, 3, 65, 89.99, 0),
(197, 77, 25, 6, 15, 25, 0),
(198, 77, 34, 7, 90, 110, 0),
(199, 78, 4, 5, 65, 89.99, 0),
(200, 78, 22, 3, 15, 20, 0),
(201, 78, 7, 4, 40, 46.5, 0),
(202, 79, 1, 5, 100, 119.99, 0),
(203, 79, 2, 3, 60, 79.99, 0),
(204, 79, 6, 4, 19, 29.99, 0),
(205, 80, 4, 3, 65, 89.99, 0),
(206, 80, 11, 6, 30, 45, 0),
(207, 80, 6, 7, 19, 29.99, 0),
(208, 81, 13, 7, 50, 75, 0),
(209, 81, 3, 6, 40, 49.99, 0),
(210, 81, 10, 5, 15, 20, 0),
(211, 82, 4, 4, 65, 89.99, 0),
(212, 82, 17, 8, 65, 75, 0),
(213, 82, 12, 5, 5, 10, 0),
(214, 83, 13, 4, 50, 75, 0),
(215, 83, 3, 8, 40, 49.99, 0),
(216, 83, 8, 7, 5, 10, 0),
(217, 84, 7, 4, 40, 46.5, 0),
(218, 84, 11, 7, 30, 45, 0),
(219, 84, 10, 5, 15, 20, 0),
(220, 85, 5, 5, 18, 20, 0),
(221, 85, 20, 6, 40, 50, 0),
(222, 85, 28, 7, 30, 35, 0),
(223, 86, 4, 7, 65, 89.99, 0),
(224, 86, 26, 5, 60, 65, 0),
(225, 86, 1, 4, 100, 119.99, 0),
(226, 87, 7, 4, 40, 46.5, 0),
(227, 87, 1, 2, 100, 119.99, 0),
(228, 87, 4, 1, 65, 89.99, 0),
(229, 88, 6, 5, 19, 29.99, 0),
(230, 88, 12, 4, 5, 10, 0),
(231, 88, 2, 2, 60, 79.99, 0),
(232, 89, 5, 4, 18, 20, 0),
(233, 89, 29, 7, 45, 55, 0),
(234, 89, 15, 9, 15, 25, 0),
(235, 90, 7, 3, 40, 46.5, 0),
(236, 90, 5, 5, 18, 20, 0),
(237, 90, 20, 7, 40, 50, 0),
(238, 91, 11, 4, 30, 45, 0),
(239, 91, 22, 2, 15, 20, 0),
(240, 91, 18, 5, 25, 40, 0),
(241, 92, 5, 4, 18, 20, 0),
(242, 92, 6, 5, 19, 29.99, 0),
(243, 92, 8, 8, 5, 10, 0),
(244, 93, 22, 3, 15, 20, 0),
(245, 93, 19, 7, 35, 40, 0),
(246, 93, 7, 3, 40, 46.5, 0),
(247, 94, 5, 4, 18, 20, 0),
(248, 94, 3, 5, 40, 49.99, 0),
(249, 94, 11, 3, 30, 45, 0),
(250, 95, 6, 4, 19, 29.99, 0),
(251, 95, 12, 3, 5, 10, 0),
(252, 95, 4, 5, 65, 89.99, 0),
(253, 96, 7, 3, 40, 46.5, 0),
(254, 96, 1, 6, 100, 119.99, 0),
(255, 96, 20, 3, 40, 50, 0),
(256, 97, 6, 4, 19, 29.99, 0),
(257, 97, 11, 5, 30, 45, 0),
(258, 97, 9, 3, 5, 10, 0),
(259, 98, 16, 4, 55, 60, 0),
(260, 98, 26, 6, 60, 65, 0),
(261, 98, 29, 5, 45, 55, 0),
(262, 99, 4, 4, 65, 89.99, 0),
(263, 99, 5, 3, 18, 20, 0),
(264, 99, 22, 5, 15, 20, 0),
(265, 100, 6, 3, 19, 29.99, 0),
(266, 100, 4, 5, 65, 89.99, 0),
(267, 100, 28, 2, 30, 35, 0),
(268, 101, 26, 3, 60, 65, 0),
(269, 101, 2, 2, 60, 79.99, 0),
(270, 101, 3, 3, 40, 49.99, 0),
(271, 102, 5, 4, 18, 20, 0),
(272, 102, 7, 3, 40, 46.5, 0),
(273, 102, 10, 9, 15, 20, 0),
(274, 103, 10, 4, 15, 20, 0),
(275, 103, 15, 7, 15, 25, 0),
(276, 103, 23, 9, 20, 29.99, 0),
(277, 104, 32, 6, 120, 130, 0),
(278, 104, 13, 3, 50, 75, 0),
(279, 104, 20, 7, 40, 50, 0),
(280, 105, 22, 4, 15, 20, 0),
(281, 105, 25, 5, 15, 25, 0),
(282, 105, 35, 6, 20, 30, 0),
(283, 106, 2, 5, 60, 79.99, 0),
(284, 106, 11, 4, 30, 45, 0),
(285, 106, 8, 7, 5, 10, 0),
(286, 107, 4, 4, 65, 89.99, 0),
(287, 107, 1, 5, 100, 119.99, 0),
(288, 107, 5, 7, 18, 20, 0),
(289, 108, 15, 8, 15, 25, 0),
(290, 108, 3, 3, 40, 49.99, 0),
(291, 108, 18, 4, 25, 40, 0),
(292, 109, 16, 3, 55, 60, 0),
(293, 109, 22, 6, 15, 20, 0),
(294, 109, 6, 4, 19, 29.99, 0),
(295, 110, 11, 4, 30, 45, 0),
(296, 110, 4, 7, 65, 89.99, 0),
(297, 110, 16, 3, 55, 60, 0),
(298, 111, 11, 3, 30, 45, 0),
(299, 111, 2, 7, 60, 79.99, 0),
(300, 111, 26, 5, 60, 65, 0),
(301, 112, 5, 5, 18, 20, 0),
(302, 112, 1, 4, 100, 119.99, 0),
(303, 112, 16, 6, 55, 60, 0),
(304, 113, 10, 7, 15, 20, 0),
(305, 113, 23, 6, 20, 29.99, 0),
(306, 113, 30, 5, 100, 119, 0),
(307, 114, 3, 3, 40, 49.99, 0),
(308, 114, 14, 5, 20, 35, 0),
(309, 114, 11, 2, 30, 45, 0),
(310, 115, 2, 3, 60, 79.99, 0),
(311, 115, 8, 4, 5, 10, 0),
(312, 115, 11, 2, 30, 45, 0),
(313, 116, 5, 3, 18, 20, 0),
(314, 116, 7, 2, 40, 46.5, 0),
(315, 116, 13, 5, 50, 75, 0),
(316, 117, 4, 1, 65, 89.99, 0),
(317, 117, 34, 4, 90, 110, 0),
(318, 117, 6, 3, 19, 29.99, 0),
(319, 118, 8, 5, 5, 10, 0),
(320, 118, 9, 6, 5, 10, 0),
(321, 118, 15, 8, 15, 25, 0),
(322, 119, 6, 6, 19, 29.99, 0),
(323, 119, 21, 4, 60, 75, 0),
(324, 119, 23, 5, 20, 29.99, 0),
(325, 120, 29, 6, 45, 55, 0),
(326, 120, 1, 3, 100, 119.99, 0),
(327, 120, 13, 7, 50, 75, 0),
(328, 121, 5, 3, 18, 20, 0),
(329, 121, 22, 1, 15, 20, 0),
(330, 121, 3, 3, 40, 49.99, 0),
(331, 122, 20, 6, 40, 50, 0),
(332, 122, 10, 5, 15, 20, 0),
(333, 122, 16, 4, 55, 60, 0),
(334, 123, 16, 3, 55, 60, 0),
(335, 123, 21, 6, 60, 75, 0),
(336, 123, 25, 7, 15, 25, 0),
(337, 124, 34, 6, 90, 110, 0),
(338, 124, 15, 3, 15, 25, 0),
(339, 124, 12, 5, 5, 10, 0),
(340, 125, 29, 8, 45, 55, 0),
(341, 125, 18, 5, 25, 40, 0),
(342, 125, 6, 3, 19, 29.99, 0),
(343, 126, 7, 3, 40, 46.5, 0),
(344, 126, 4, 2, 65, 89.99, 0),
(345, 126, 5, 5, 18, 20, 0),
(346, 127, 6, 3, 19, 29.99, 0),
(347, 127, 8, 5, 5, 10, 0),
(348, 127, 22, 4, 15, 20, 0),
(349, 128, 5, 5, 18, 20, 0),
(350, 128, 27, 7, 30, 35, 0),
(351, 128, 25, 8, 15, 25, 0),
(352, 129, 12, 7, 5, 10, 0),
(353, 129, 14, 6, 20, 35, 0),
(354, 129, 27, 3, 30, 35, 0),
(355, 130, 7, 4, 40, 46.5, 0),
(356, 130, 20, 7, 40, 50, 0),
(357, 130, 21, 3, 60, 75, 0),
(358, 131, 16, 3, 55, 60, 0),
(359, 131, 5, 6, 18, 20, 0),
(360, 131, 3, 4, 40, 49.99, 0),
(361, 132, 6, 3, 19, 29.99, 0),
(362, 132, 9, 6, 5, 10, 0),
(363, 132, 17, 4, 65, 75, 0),
(364, 133, 16, 1, 55, 60, 0),
(365, 133, 11, 3, 30, 45, 0),
(366, 133, 13, 6, 50, 75, 0),
(367, 134, 6, 4, 19, 29.99, 0),
(368, 134, 26, 6, 60, 65, 0),
(369, 134, 33, 7, 60, 65, 0),
(370, 135, 5, 2, 18, 20, 0),
(371, 135, 11, 3, 30, 45, 0),
(372, 135, 17, 5, 65, 75, 0),
(373, 136, 28, 4, 30, 35, 0),
(374, 136, 13, 6, 50, 75, 0),
(375, 136, 1, 5, 100, 119.99, 0),
(376, 137, 6, 3, 19, 29.99, 0),
(377, 137, 15, 8, 15, 25, 0),
(378, 137, 8, 6, 5, 10, 0),
(379, 138, 29, 5, 45, 55, 0),
(380, 138, 21, 3, 60, 75, 0),
(381, 138, 9, 6, 5, 10, 0),
(382, 139, 6, 4, 19, 29.99, 0),
(383, 139, 3, 3, 40, 49.99, 0),
(384, 139, 15, 7, 15, 25, 0),
(385, 140, 21, 4, 60, 75, 0),
(386, 140, 7, 2, 40, 46.5, 0),
(387, 140, 12, 5, 5, 10, 0),
(388, 141, 14, 5, 20, 35, 0),
(389, 141, 27, 7, 30, 35, 0),
(390, 141, 1, 3, 100, 119.99, 0),
(391, 142, 11, 3, 30, 45, 0),
(392, 142, 23, 7, 20, 29.99, 0),
(393, 142, 33, 6, 60, 65, 0),
(394, 143, 13, 4, 50, 75, 0),
(395, 143, 8, 5, 5, 10, 0),
(396, 143, 19, 8, 35, 40, 0),
(397, 144, 8, 3, 5, 10, 0),
(398, 144, 11, 6, 30, 45, 0),
(399, 144, 28, 5, 30, 35, 0),
(400, 145, 7, 3, 40, 46.5, 0),
(401, 145, 17, 5, 65, 75, 0),
(402, 145, 33, 6, 60, 65, 0),
(403, 146, 11, 1, 30, 45, 0),
(404, 146, 25, 5, 15, 25, 0),
(405, 146, 30, 6, 100, 119, 0),
(406, 147, 1, 2, 100, 119.99, 0),
(407, 147, 5, 4, 18, 20, 0),
(408, 147, 11, 4, 30, 45, 0),
(409, 148, 7, 7, 40, 46.5, 0),
(410, 148, 10, 5, 15, 20, 0),
(411, 148, 26, 6, 60, 65, 0),
(412, 149, 33, 7, 60, 65, 0),
(413, 149, 17, 4, 65, 75, 0),
(414, 149, 11, 1, 30, 45, 0),
(415, 150, 20, 7, 40, 50, 0),
(416, 150, 14, 3, 20, 35, 0),
(417, 150, 33, 5, 60, 65, 0),
(418, 151, 8, 5, 5, 10, 0),
(419, 151, 5, 4, 18, 20, 0),
(420, 151, 1, 3, 100, 119.99, 0),
(421, 152, 13, 5, 50, 75, 0),
(422, 152, 3, 6, 40, 49.99, 0),
(423, 152, 15, 8, 15, 25, 0),
(424, 153, 20, 6, 40, 50, 0),
(425, 153, 33, 5, 60, 65, 0),
(426, 153, 27, 4, 30, 35, 0),
(427, 154, 8, 3, 5, 10, 0),
(428, 154, 9, 6, 5, 10, 0),
(429, 154, 12, 5, 5, 10, 0),
(430, 155, 9, 5, 5, 10, 0),
(431, 155, 14, 7, 20, 35, 0),
(432, 155, 25, 6, 15, 25, 0),
(433, 156, 19, 7, 35, 40, 0),
(434, 156, 24, 6, 60, 65, 0),
(435, 156, 34, 4, 90, 110, 0),
(436, 157, 14, 6, 20, 35, 0),
(437, 157, 33, 2, 60, 65, 0),
(438, 157, 34, 4, 90, 110, 0),
(439, 158, 7, 2, 40, 46.5, 0),
(440, 158, 29, 3, 45, 55, 0),
(441, 158, 24, 6, 60, 65, 0),
(442, 159, 9, 5, 5, 10, 0),
(443, 159, 1, 3, 100, 119.99, 0),
(444, 159, 8, 5, 5, 10, 0),
(445, 160, 7, 3, 40, 46.5, 0),
(446, 160, 11, 1, 30, 45, 0),
(447, 160, 13, 5, 50, 75, 0),
(448, 161, 16, 4, 55, 60, 0),
(449, 161, 25, 6, 15, 25, 0),
(450, 161, 30, 7, 100, 119, 0),
(451, 162, 9, 5, 5, 10, 0),
(452, 162, 18, 3, 25, 40, 0),
(453, 162, 15, 4, 15, 25, 0),
(454, 163, 8, 7, 5, 10, 0),
(455, 163, 7, 3, 40, 46.5, 0),
(456, 163, 20, 5, 40, 50, 0),
(457, 164, 8, 2, 5, 10, 0),
(458, 164, 7, 6, 40, 46.5, 0),
(459, 164, 20, 4, 40, 50, 0),
(460, 165, 14, 2, 20, 35, 0),
(461, 165, 19, 3, 35, 40, 0),
(462, 165, 31, 6, 50, 69.99, 0),
(463, 166, 34, 3, 90, 110, 0),
(464, 166, 27, 2, 30, 35, 0),
(465, 166, 29, 4, 45, 55, 0),
(466, 167, 8, 2, 5, 10, 0),
(467, 167, 21, 7, 60, 75, 0),
(468, 167, 28, 5, 30, 35, 0),
(469, 168, 29, 4, 45, 55, 0),
(470, 168, 26, 3, 60, 65, 0),
(471, 168, 17, 5, 65, 75, 0),
(472, 169, 28, 3, 30, 35, 0),
(473, 169, 22, 1, 15, 20, 0),
(474, 169, 33, 5, 60, 65, 0),
(475, 170, 18, 7, 25, 40, 0),
(476, 170, 1, 5, 100, 119.99, 0),
(477, 170, 33, 4, 60, 65, 0),
(478, 171, 1, 4, 100, 119.99, 0),
(479, 171, 10, 6, 15, 20, 0),
(480, 171, 30, 5, 100, 119, 0),
(481, 172, 33, 5, 60, 65, 0),
(482, 172, 14, 6, 20, 35, 0),
(483, 172, 12, 4, 5, 10, 0),
(484, 173, 7, 6, 40, 46.5, 0),
(485, 173, 11, 3, 30, 45, 0),
(486, 173, 25, 5, 15, 25, 0),
(487, 174, 8, 3, 5, 10, 0),
(488, 174, 20, 2, 40, 50, 0),
(489, 174, 25, 5, 15, 25, 0),
(490, 175, 9, 5, 5, 10, 0),
(491, 175, 7, 3, 40, 46.5, 0),
(492, 175, 17, 7, 65, 75, 0),
(493, 176, 18, 5, 25, 40, 0),
(494, 176, 3, 3, 40, 49.99, 0),
(495, 176, 13, 4, 50, 75, 0),
(496, 177, 7, 5, 40, 46.5, 0),
(497, 177, 19, 6, 35, 40, 0),
(498, 177, 21, 3, 60, 75, 0),
(499, 178, 17, 3, 65, 75, 0),
(500, 178, 11, 1, 30, 45, 0),
(501, 178, 29, 4, 45, 55, 0),
(502, 179, 12, 3, 5, 10, 0),
(503, 179, 28, 2, 30, 35, 0),
(504, 179, 33, 5, 60, 65, 0),
(505, 180, 12, 6, 5, 10, 0),
(506, 180, 24, 5, 60, 65, 0),
(507, 180, 25, 4, 15, 25, 0),
(508, 181, 16, 2, 55, 60, 0),
(509, 181, 21, 3, 60, 75, 0),
(510, 181, 12, 6, 5, 10, 0),
(511, 182, 12, 5, 5, 10, 0),
(512, 182, 8, 2, 5, 10, 0),
(513, 182, 28, 6, 30, 35, 0),
(514, 183, 14, 5, 20, 35, 0),
(515, 183, 20, 3, 40, 50, 0),
(516, 183, 27, 2, 30, 35, 0),
(517, 184, 16, 5, 55, 60, 0),
(518, 184, 28, 3, 30, 35, 0),
(519, 184, 19, 6, 35, 40, 0),
(520, 185, 8, 3, 5, 10, 0),
(521, 185, 7, 1, 40, 46.5, 0),
(522, 185, 9, 5, 5, 10, 0),
(523, 186, 18, 4, 25, 40, 0),
(524, 186, 22, 1, 15, 20, 0),
(525, 186, 15, 4, 15, 25, 0),
(526, 186, 35, 6, 20, 30, 0),
(527, 187, 16, 3, 55, 60, 0),
(528, 187, 9, 5, 5, 10, 0),
(529, 187, 20, 4, 40, 50, 0),
(530, 188, 29, 4, 45, 55, 0),
(531, 188, 27, 2, 30, 35, 0),
(532, 188, 21, 5, 60, 75, 0),
(533, 189, 28, 4, 30, 35, 0),
(534, 189, 18, 3, 25, 40, 0),
(535, 189, 30, 5, 100, 119, 0),
(536, 190, 18, 3, 25, 40, 0),
(537, 190, 17, 4, 65, 75, 0),
(538, 190, 23, 5, 20, 29.99, 0),
(539, 191, 9, 5, 5, 10, 0),
(540, 191, 14, 4, 20, 35, 0),
(541, 191, 24, 6, 60, 65, 0),
(542, 192, 12, 3, 5, 10, 0),
(543, 192, 9, 5, 5, 10, 0),
(544, 192, 14, 3, 20, 35, 0),
(545, 193, 19, 2, 35, 40, 0),
(546, 193, 1, 3, 100, 119.99, 0),
(547, 193, 14, 4, 20, 35, 0),
(548, 194, 21, 4, 60, 75, 0),
(549, 194, 9, 3, 5, 10, 0),
(550, 194, 27, 5, 30, 35, 0),
(551, 195, 12, 2, 5, 10, 0),
(552, 195, 10, 3, 15, 20, 0),
(553, 195, 13, 5, 50, 75, 0),
(554, 196, 13, 5, 50, 75, 0),
(555, 196, 1, 3, 100, 119.99, 0),
(556, 196, 23, 4, 20, 29.99, 0),
(557, 197, 19, 3, 35, 40, 0),
(558, 197, 9, 5, 5, 10, 0),
(559, 197, 18, 2, 25, 40, 0),
(560, 198, 27, 4, 30, 35, 0),
(561, 198, 26, 3, 60, 65, 0),
(562, 198, 18, 2, 25, 40, 0),
(563, 199, 27, 5, 30, 35, 0),
(564, 199, 13, 2, 50, 75, 0),
(565, 199, 12, 4, 5, 10, 0),
(566, 200, 9, 10, 5, 10, 20);

-- --------------------------------------------------------

--
-- Table structure for table `app_product`
--

CREATE TABLE `app_product` (
  `product_id` int(11) NOT NULL,
  `product_name` varchar(255) DEFAULT NULL,
  `product_category` int(11) NOT NULL,
  `product_cost` float DEFAULT 0,
  `product_price` float DEFAULT 0,
  `product_stock` int(11) DEFAULT 0,
  `status` enum('active','inactive') DEFAULT 'active'
) ENGINE=InnoDB DEFAULT CHARSET=utf8;

--
-- Dumping data for table `app_product`
--

INSERT INTO `app_product` (`product_id`, `product_name`, `product_category`, `product_cost`, `product_price`, `product_stock`, `status`) VALUES
(1, 'Butter', 2, 100, 119.99, 6, 'active'),
(2, 'Cheddar cheese', 2, 60, 79.99, 0, 'active'),
(3, 'Milk', 2, 40, 49.99, 38, 'active'),
(4, 'Vanilla Yogurt', 2, 65, 89.99, 1, 'active'),
(5, 'Chocolate Ice Cream', 2, 18, 20, 0, 'active'),
(6, 'Sandwich Bread', 2, 19, 29.99, 0, 'active'),
(7, 'Vinegar', 2, 40, 46.5, 2, 'active'),
(8, 'Horseradish', 2, 5, 10, 0, 'active'),
(9, 'Bananas', 2, 5, 10, 3, 'active'),
(10, 'Peppermint', 2, 15, 20, 17, 'active'),
(11, 'Whole Wheat English Muffin', 2, 30, 45, 1, 'active'),
(12, 'Cinnamon Toast Crunch', 2, 5, 10, 16, 'active'),
(13, 'Olive Oil', 2, 50, 75, 2, 'active'),
(14, 'Chicken Breast', 2, 20, 35, 31, 'active'),
(15, 'Tomato Soup', 2, 15, 25, 15, 'active'),
(16, 'Honey Almond Flax Cereal', 2, 55, 60, 0, 'active'),
(17, 'Three Cheese Tortellini', 2, 65, 75, 43, 'active'),
(18, 'Turkey Breast', 2, 25, 40, 44, 'active'),
(19, 'Raisin Bran Cereal', 2, 35, 40, 48, 'active'),
(20, 'Bologna', 2, 40, 50, 5, 'active'),
(21, 'Smoked Ham', 2, 60, 75, 32, 'active'),
(22, 'Apple Juice', 2, 15, 20, 0, 'active'),
(23, 'Pinto Beans', 2, 20, 29.99, 61, 'active'),
(24, 'Beets', 2, 60, 65, 67, 'active'),
(25, 'Sweet Peas', 2, 15, 25, 34, 'active'),
(26, 'Green Bell Peppers', 2, 60, 65, 38, 'active'),
(27, 'Dark Chocolate Bar', 2, 30, 35, 36, 'active'),
(28, 'Oats & Honey Crunchy Granola Bars', 2, 30, 35, 33, 'active'),
(29, 'Rice Pilaf: Roasted Almond Flavor', 2, 45, 55, 15, 'active'),
(30, 'Whole Wheat Penne Pasta', 2, 100, 119, 72, 'active'),
(31, 'Macaroni & Cheese', 2, 50, 69.99, 88, 'active'),
(32, 'Peanut Butter', 2, 120, 130, 91, 'active'),
(33, 'Green Beans', 2, 60, 65, 43, 'active'),
(34, 'Broccoli Florets', 2, 90, 110, 63, 'active'),
(35, 'Potato', 2, 20, 30, 87, 'active');

-- --------------------------------------------------------

--
-- Table structure for table `app_product_category`
--

CREATE TABLE `app_product_category` (
  `category_id` int(11) NOT NULL,
  `category_name` varchar(255) NOT NULL
) ENGINE=InnoDB DEFAULT CHARSET=utf8;

--
-- Dumping data for table `app_product_category`
--

INSERT INTO `app_product_category` (`category_id`, `category_name`) VALUES
(1, 'Others'),
(2, 'Food');

-- --------------------------------------------------------

--
-- Table structure for table `app_user`
--

CREATE TABLE `app_user` (
  `user_id` int(11) NOT NULL,
  `username` varchar(255) NOT NULL,
  `password` varchar(255) NOT NULL,
  `user_type` enum('administrator','secretary') NOT NULL DEFAULT 'secretary'
) ENGINE=InnoDB DEFAULT CHARSET=utf8 ROW_FORMAT=COMPACT;

--
-- Dumping data for table `app_user`
--

INSERT INTO `app_user` (`user_id`, `username`, `password`, `user_type`) VALUES
(1, 'admin', '$2y$10$ejAMelr40nk12xTThVxJvuntJr39ABMeBBnJkatuQqCypgbjHw8lm', 'administrator'),
(2, 'secretary', '$2y$10$I2Ws7mxleh76eez7nXygbuYvkjZ.QYgYww2ImZI8aPef.hWdR8i/e', 'secretary');

--
-- Indexes for dumped tables
--

--
-- Indexes for table `app_customer`
--
ALTER TABLE `app_customer`
  ADD PRIMARY KEY (`customer_id`);

--
-- Indexes for table `app_custom_price`
--
ALTER TABLE `app_custom_price`
  ADD PRIMARY KEY (`custom_price_id`),
  ADD KEY `product_id` (`product_id`),
  ADD KEY `customer_id` (`customer_id`);

--
-- Indexes for table `app_order`
--
ALTER TABLE `app_order`
  ADD PRIMARY KEY (`order_id`),
  ADD KEY `customer_id` (`customer_id`);

--
-- Indexes for table `app_order_product`
--
ALTER TABLE `app_order_product`
  ADD PRIMARY KEY (`id`),
  ADD KEY `order_id` (`order_id`),
  ADD KEY `product_id` (`product_id`);

--
-- Indexes for table `app_product`
--
ALTER TABLE `app_product`
  ADD PRIMARY KEY (`product_id`),
  ADD KEY `product_category` (`product_category`);

--
-- Indexes for table `app_product_category`
--
ALTER TABLE `app_product_category`
  ADD PRIMARY KEY (`category_id`);

--
-- Indexes for table `app_user`
--
ALTER TABLE `app_user`
  ADD PRIMARY KEY (`user_id`);

--
-- AUTO_INCREMENT for dumped tables
--

--
-- AUTO_INCREMENT for table `app_customer`
--
ALTER TABLE `app_customer`
  MODIFY `customer_id` int(10) NOT NULL AUTO_INCREMENT, AUTO_INCREMENT=6;

--
-- AUTO_INCREMENT for table `app_custom_price`
--
ALTER TABLE `app_custom_price`
  MODIFY `custom_price_id` int(11) NOT NULL AUTO_INCREMENT;

--
-- AUTO_INCREMENT for table `app_order`
--
ALTER TABLE `app_order`
  MODIFY `order_id` int(11) NOT NULL AUTO_INCREMENT, AUTO_INCREMENT=201;

--
-- AUTO_INCREMENT for table `app_order_product`
--
ALTER TABLE `app_order_product`
  MODIFY `id` int(11) NOT NULL AUTO_INCREMENT, AUTO_INCREMENT=567;

--
-- AUTO_INCREMENT for table `app_product`
--
ALTER TABLE `app_product`
  MODIFY `product_id` int(11) NOT NULL AUTO_INCREMENT, AUTO_INCREMENT=36;

--
-- AUTO_INCREMENT for table `app_product_category`
--
ALTER TABLE `app_product_category`
  MODIFY `category_id` int(11) NOT NULL AUTO_INCREMENT, AUTO_INCREMENT=3;

--
-- AUTO_INCREMENT for table `app_user`
--
ALTER TABLE `app_user`
  MODIFY `user_id` int(11) NOT NULL AUTO_INCREMENT, AUTO_INCREMENT=3;

--
-- Constraints for dumped tables
--

--
-- Constraints for table `app_custom_price`
--
ALTER TABLE `app_custom_price`
  ADD CONSTRAINT `app_custom_price_ibfk_1` FOREIGN KEY (`product_id`) REFERENCES `app_product` (`product_id`),
  ADD CONSTRAINT `app_custom_price_ibfk_2` FOREIGN KEY (`customer_id`) REFERENCES `app_customer` (`customer_id`);

--
-- Constraints for table `app_order`
--
ALTER TABLE `app_order`
  ADD CONSTRAINT `app_order_ibfk_1` FOREIGN KEY (`customer_id`) REFERENCES `app_customer` (`customer_id`);

--
-- Constraints for table `app_order_product`
--
ALTER TABLE `app_order_product`
  ADD CONSTRAINT `app_order_product_ibfk_1` FOREIGN KEY (`order_id`) REFERENCES `app_order` (`order_id`),
  ADD CONSTRAINT `app_order_product_ibfk_2` FOREIGN KEY (`product_id`) REFERENCES `app_product` (`product_id`);

--
-- Constraints for table `app_product`
--
ALTER TABLE `app_product`
  ADD CONSTRAINT `app_product_ibfk_1` FOREIGN KEY (`product_category`) REFERENCES `app_product_category` (`category_id`);
COMMIT;

/*!40101 SET CHARACTER_SET_CLIENT=@OLD_CHARACTER_SET_CLIENT */;
/*!40101 SET CHARACTER_SET_RESULTS=@OLD_CHARACTER_SET_RESULTS */;
/*!40101 SET COLLATION_CONNECTION=@OLD_COLLATION_CONNECTION */;
